ano_mes,municipio_ibge,municipio,estado_ibge,estado,sigla_regiao,regiao,valor_pagador_pf,qtd_pagador_pf,valor_pagador_pj,qtd_pagador_pj,vl_recebedorpf,qt_recebedorpf,vl_recebedorpj,qt_recebedorpj,qt_pes_pagadorpf,qt_pes_pagadorpj,qt_pes_recebedorpf,qt_pes_recebedorpj
202202,2604304,Cedro,26,PERNAMBUCO,NE,NORDESTE,8671955.89,41908,1037543.56,796,8400211.51,35966,1114567.27,2260,3339,68,3351,72
202309,2604304,Cedro,26,PERNAMBUCO,NE,NORDESTE,21712918.56,143723,3360010.27,2183,20799003.54,104352,4303659.61,7945,5631,106,5487,115
202509,2604304,Cedro,26,PERNAMBUCO,NE,NORDESTE,4524066.98,27084,398174.97,933,4254170.88,17912,725528.66,3400,5028,103,3998,121
202208,5002902,Cassilândia,50,MATO GROSSO DO SUL,CO,CENTRO-OESTE,47907459.4,124901,24035863.87,11845,41591859.67,102074,23533438.19,28051,9240,658,9187,671
202106,2102077,Bom Lugar,21,MARANHÃO,NE,NORDESTE,2765226.89,8430,626668.16,184,3196409.32,8861,63044.9,226,1215,30,1201,22
202107,2604304,Cedro,26,PERNAMBUCO,NE,NORDESTE,5601693.5,23008,552276.26,335,5451239.53,23787,421508.75,757,2438,43,2542,52
202211,5002902,Cassilândia,50,MATO GROSSO DO SUL,CO,CENTRO-OESTE,45179633.78,141504,21005865.44,12916,42443470.42,110935,22693905.06,32366,9767,682,9780,697
202308,2706802,Piaçabuçu,27,ALAGOAS,NE,NORDESTE,30447425.17,218370,5111454.33,4985,29113213.68,166323,6633372.05,18470,8148,163,8060,156
202206,1701903,Araguacema,17,TOCANTINS,NO,NORTE,8565708.2,33696,2800934.02,1484,8602578.4,28361,1024271.68,2672,2253,73,2283,69
202307,5002902,Cassilândia,50,MATO GROSSO DO SUL,CO,CENTRO-OESTE,52193026.61,216761,20160318.59,17818,59991747.57,149144,20516875.37,49978,11106,780,11113,805
202504,2100501,Alto Parnaíba,21,MARANHÃO,NE,NORDESTE,47066217.44,271056,12604936.07,14404,42467425.96,152404,14939550.42,52590,6331,285,6166,277
202306,2807204,Siriri,28,SERGIPE,NE,NORDESTE,10351947.15,73277,1668841.03,1719,9852689.8,51064,1592967.25,2881,3219,77,3312,59
202208,2601003,Angelim,26,PERNAMBUCO,NE,NORDESTE,7879871.65,40630,749266.89,730,6917903.35,32544,1629098.88,1557,2733,53,2839,47
202405,2604304,Cedro,26,PERNAMBUCO,NE,NORDESTE,32483354.3,225579,5167329.92,4057,30398140.29,149165,6173968.66,17677,6352,125,6128,121
202106,5002902,Cassilândia,50,MATO GROSSO DO SUL,CO,CENTRO-OESTE,14858481.31,33089,6890594.93,3430,17147033.81,32241,5768778.43,4740,5081,381,4955,444
202212,2601003,Angelim,26,PERNAMBUCO,NE,NORDESTE,10451849.42,57851,947235.37,1097,10198905.1,43950,1808914.63,2702,3137,49,3250,52
202507,4308805,General Câmara,43,RIO GRANDE DO SUL,SU,SUL,19379400.69,130217,7799452.73,6031,19459796.83,63358,7089397.37,17846,4291,269,4058,261
202501,5002902,Cassilândia,50,MATO GROSSO DO SUL,CO,CENTRO-OESTE,82016510.58,373046,43981022.19,32404,83668669.26,208930,46140518.32,95720,13098,1055,13030,1007
202312,2111029,São João Do Carú,21,MARANHÃO,NE,NORDESTE,24178125.7,181797,2416588.17,2262,23668647.12,115823,2140982.96,7069,5647,91,5389,91
202310,2601003,Angelim,26,PERNAMBUCO,NE,NORDESTE,13952481.5,96788,1170198.41,1285,12693325.34,61950,1830262.94,5137,3927,61,3948,61
202412,2601003,Angelim,26,PERNAMBUCO,NE,NORDESTE,23374174.9,161781,2034854.25,1556,21388263.63,102283,2966492.29,11352,4921,80,4872,72
202211,2100501,Alto Parnaíba,21,MARANHÃO,NE,NORDESTE,22265768.81,90773,6741642.6,4374,19244314.11,66246,5167759.79,13746,4452,174,4376,169
202401,2601003,Angelim,26,PERNAMBUCO,NE,NORDESTE,16005022.08,107601,1142024.82,1330,14163660.2,67494,1918769.79,6266,4165,65,4164,60
202306,5002902,Cassilândia,50,MATO GROSSO DO SUL,CO,CENTRO-OESTE,62350796.84,198561,18860807.46,17406,65068497.78,138592,19696675.77,46687,10923,774,10919,782
202505,2601003,Angelim,26,PERNAMBUCO,NE,NORDESTE,23629166.85,166461,2247635.05,1998,21861826.24,105206,3711117.11,12924,5026,94,4979,81
202102,2604304,Cedro,26,PERNAMBUCO,NE,NORDESTE,1389709.03,4275,81241.98,66,1376317.68,4216,72472.5,78,805,14,943,17
202304,5002902,Cassilândia,50,MATO GROSSO DO SUL,CO,CENTRO-OESTE,48283938.33,176385,19257932.64,15142,50523457.36,130672,17347862.1,39679,10560,737,10561,740
202202,2111029,São João Do Carú,21,MARANHÃO,NE,NORDESTE,6078964.58,26541,1076113.9,752,6029679.19,21698,1097448.82,1492,2355,67,2374,55
202408,2111029,São João Do Carú,21,MARANHÃO,NE,NORDESTE,31972141.19,228124,2582402.89,2637,30655743.35,147954,3130819.68,9077,6473,110,6115,96
202206,5002902,Cassilândia,50,MATO GROSSO DO SUL,CO,CENTRO-OESTE,42637736.47,110447,24739168.8,10124,39966629.29,91028,22070791.56,23845,8649,625,8669,641
202102,2102077,Bom Lugar,21,MARANHÃO,NE,NORDESTE,608920.41,1823,29756.57,42,748620.71,1876,41862.28,46,405,9,470,12
202412,1701903,Araguacema,17,TOCANTINS,NO,NORTE,22208995.5,138296,3987408.6,8468,21866205.07,81983,4125059.6,20185,3511,118,3440,115
202312,2604304,Cedro,26,PERNAMBUCO,NE,NORDESTE,29146829.79,194056,3583632.31,2817,26839837.36,133109,4365901.49,11571,5910,109,5768,117
202201,2601003,Angelim,26,PERNAMBUCO,NE,NORDESTE,4569431.95,20660,404222.84,324,4312716.35,17618,519579.02,545,1951,32,2056,30
202311,2604304,Cedro,26,PERNAMBUCO,NE,NORDESTE,24313531.27,172744,2210612.09,2402,23485404.44,119506,2598859.15,8567,5889,110,5752,120
202303,2601003,Angelim,26,PERNAMBUCO,NE,NORDESTE,11030619.26,63890,1114591.14,1234,10305712.74,46588,1425907.29,3046,3369,58,3473,52
202312,3112307,Capelinha,31,MINAS GERAIS,SE,SUDESTE,125853230.38,584865,48837112.13,40465,129110093.05,374775,50520652.33,121436,22045,1614,22224,1557
202103,2102077,Bom Lugar,21,MARANHÃO,NE,NORDESTE,1139304.79,3050,307990.24,77,1150181.5,3079,59668.71,70,582,15,673,11
202207,2111029,São João Do Carú,21,MARANHÃO,NE,NORDESTE,11027815.66,54834,1819899.23,1346,11176807.42,42310,1662913.69,3305,3286,87,3256,76
202402,4311627,Lindolfo Collor,43,RIO GRANDE DO SUL,SU,SUL,11288366.38,73293,26367792.0,5927,11097535.34,42085,20081459.12,11174,3366,246,3140,253
202503,2102077,Bom Lugar,21,MARANHÃO,NE,NORDESTE,31669057.06,185607,3219885.0,4806,27470522.79,115027,4537589.46,18296,5270,95,5061,84
202403,2102077,Bom Lugar,21,MARANHÃO,NE,NORDESTE,20405774.17,139971,1676668.84,2871,18004720.12,87380,2493331.38,10247,4575,75,4442,72
202507,2111029,São João Do Carú,21,MARANHÃO,NE,NORDESTE,43929620.19,303198,4712455.62,4578,43003655.23,195718,5107939.77,18053,7437,115,6893,115
202201,2111029,São João Do Carú,21,MARANHÃO,NE,NORDESTE,5935056.58,24506,1043204.5,656,5845655.95,20097,616514.61,1371,2183,59,2252,61
202404,2604304,Cedro,26,PERNAMBUCO,NE,NORDESTE,26507687.06,200731,2974774.64,3766,24756434.38,131766,3742021.44,15438,6197,125,6005,129
202106,2601003,Angelim,26,PERNAMBUCO,NE,NORDESTE,2063126.73,7917,191295.73,174,1942922.94,8745,229869.47,142,1246,22,1376,26
202401,2100501,Alto Parnaíba,21,MARANHÃO,NE,NORDESTE,29378927.36,200399,9158087.62,8941,28164314.86,111613,8274646.94,29682,5605,231,5479,225
202111,2111029,São João Do Carú,21,MARANHÃO,NE,NORDESTE,4782131.84,20894,1068287.95,642,4718746.79,16893,762482.91,884,1931,60,2003,56
202312,1701903,Araguacema,17,TOCANTINS,NO,NORTE,19105957.11,103414,3760185.16,4707,19065806.44,66957,2882561.99,12009,3111,102,3107,98
202312,4315305,Quaraí,43,RIO GRANDE DO SUL,SU,SUL,47748242.95,259521,24280569.81,16469,45208410.13,162246,12685563.53,45051,11659,776,11262,736
202205,2601003,Angelim,26,PERNAMBUCO,NE,NORDESTE,6519947.2,32603,554175.76,467,6047558.36,27023,1026116.31,1047,2406,39,2538,39
202112,2514453,São José Dos Ramos,25,PARAÍBA,NE,NORDESTE,2006405.28,10490,1394582.76,406,2450758.32,10467,900525.24,907,858,21,1042,17
202103,2807204,Siriri,28,SERGIPE,NE,NORDESTE,1047109.28,3954,77325.52,110,1009443.05,3885,201080.02,100,648,14,807,13
202509,1701903,Araguacema,17,TOCANTINS,NO,NORTE,3436861.97,15347,433965.85,779,2968102.3,9277,661601.47,2218,2626,97,2165,92
202504,1701903,Araguacema,17,TOCANTINS,NO,NORTE,23307282.06,140277,5046775.54,8560,24201608.87,79795,4735647.18,20734,3593,139,3502,126
202406,2601003,Angelim,26,PERNAMBUCO,NE,NORDESTE,17633946.9,126127,1408047.76,1454,16331299.37,82332,2127630.46,7558,4556,73,4521,69
202402,2111029,São João Do Carú,21,MARANHÃO,NE,NORDESTE,21993861.97,176940,1940954.68,2057,21678787.05,108113,1846298.35,5764,5774,90,5466,93
202209,2601003,Angelim,26,PERNAMBUCO,NE,NORDESTE,8105026.98,43517,621078.52,762,7504816.89,34253,1671403.99,1842,2857,55,2991,46
202107,2707800,Roteiro,27,ALAGOAS,NE,NORDESTE,1762439.01,8862,745178.39,642,1848074.61,12491,196491.24,510,1037,35,1289,30
202304,2100501,Alto Parnaíba,21,MARANHÃO,NE,NORDESTE,24727044.37,137197,7321958.18,5479,23537072.86,88379,6384740.04,17850,4959,190,4969,204
202506,2100501,Alto Parnaíba,21,MARANHÃO,NE,NORDESTE,49171579.43,286384,14984878.04,16269,49748875.3,160863,17410684.92,59582,6391,296,6225,293
202203,2601003,Angelim,26,PERNAMBUCO,NE,NORDESTE,5205209.71,26453,398232.09,374,5252435.16,22160,824734.23,837,2197,42,2323,37
202501,2102077,Bom Lugar,21,MARANHÃO,NE,NORDESTE,29153355.82,164318,2236642.43,4733,26108078.25,101810,3745849.91,14874,5184,89,4968,81
202304,4311627,Lindolfo Collor,43,RIO GRANDE DO SUL,SU,SUL,8020184.06,41922,53011096.77,4867,8459756.6,28535,47028789.86,7254,2930,212,2772,226
202410,4308805,General Câmara,43,RIO GRANDE DO SUL,SU,SUL,17781533.39,114023,6658151.65,5477,16253696.16,58419,5418053.29,15531,4162,266,3890,233
202207,2604304,Cedro,26,PERNAMBUCO,NE,NORDESTE,13561864.67,73021,1165175.06,1252,12421664.5,57370,1406474.98,4062,4198,75,4200,83
202109,2111029,São João Do Carú,21,MARANHÃO,NE,NORDESTE,3245450.03,14524,825640.34,524,4158931.55,12882,543410.75,562,1724,62,1739,49
202402,3112307,Capelinha,31,MINAS GERAIS,SE,SUDESTE,112531795.05,578811,44729404.75,41023,110225991.6,328801,46583464.39,111277,22410,1665,22242,1618
202112,2111029,São João Do Carú,21,MARANHÃO,NE,NORDESTE,5736938.49,24727,1128077.18,634,6538064.09,20462,725313.22,1214,2073,57,2204,54
202309,2111029,São João Do Carú,21,MARANHÃO,NE,NORDESTE,17534495.91,135075,1949936.65,1799,17332066.92,86555,2169069.67,5063,5254,91,5036,92
202411,2601003,Angelim,26,PERNAMBUCO,NE,NORDESTE,20779199.45,145263,1472025.16,1313,18420421.52,93179,2411856.6,9959,4861,77,4766,70
202205,5002902,Cassilândia,50,MATO GROSSO DO SUL,CO,CENTRO-OESTE,42082420.01,105775,20843760.92,9793,40106362.27,86534,22351030.66,23901,8429,605,8441,633
202103,5106653,Pontal Do Araguaia,51,MATO GROSSO,CO,CENTRO-OESTE,3944422.08,9037,1005616.84,919,3828058.55,8623,646043.56,669,1224,78,1422,70
202408,2604304,Cedro,26,PERNAMBUCO,NE,NORDESTE,32980591.31,223311,3332023.03,4459,31033018.5,152648,3502142.89,16607,6502,133,6229,131
202401,2604304,Cedro,26,PERNAMBUCO,NE,NORDESTE,26413734.91,177794,2856655.26,2610,24811613.43,121676,3241145.14,10767,5941,116,5773,116
202412,4308805,General Câmara,43,RIO GRANDE DO SUL,SU,SUL,20601677.21,130917,7929062.6,5637,18806409.65,65673,7552562.52,18291,4211,244,4030,246
202201,1701903,Araguacema,17,TOCANTINS,NO,NORTE,4834575.45,20355,957344.48,971,4688106.65,16736,638872.2,1384,1821,67,1892,63
202306,2111029,São João Do Carú,21,MARANHÃO,NE,NORDESTE,16679875.07,115819,1444943.4,1882,15875973.53,77857,1721860.9,6130,4955,93,4847,91
202112,2604304,Cedro,26,PERNAMBUCO,NE,NORDESTE,9889266.93,45494,923955.14,654,9463796.02,39433,1123247.41,2218,3154,64,3300,65
202211,2604304,Cedro,26,PERNAMBUCO,NE,NORDESTE,15931658.78,91422,2558987.03,1758,15274720.3,70402,3191398.16,5946,4652,88,4635,102
202106,2111029,São João Do Carú,21,MARANHÃO,NE,NORDESTE,2161664.42,8002,875635.81,375,2634343.83,8306,398044.57,405,1278,46,1304,36
202507,2100501,Alto Parnaíba,21,MARANHÃO,NE,NORDESTE,54673481.64,293048,17818148.91,16593,48854016.63,169082,19377953.56,59189,6439,310,6307,292
202508,2100501,Alto Parnaíba,21,MARANHÃO,NE,NORDESTE,54252680.47,309689,21519966.67,16693,50295933.67,173957,18571349.98,61691,6499,321,6325,296
202102,2601003,Angelim,26,PERNAMBUCO,NE,NORDESTE,591237.12,1747,51441.92,51,709396.38,1978,86202.87,45,407,9,528,10
202204,2807204,Siriri,28,SERGIPE,NE,NORDESTE,5841823.24,29332,1289501.0,874,5743619.5,24820,1599676.37,1361,2114,51,2233,38
202012,2601003,Angelim,26,PERNAMBUCO,NE,NORDESTE,326172.2,1033,192190.35,34,360113.46,969,27368.51,14,242,6,304,6
202509,2601003,Angelim,26,PERNAMBUCO,NE,NORDESTE,2833916.15,18855,275897.73,272,2460822.96,11569,1306559.88,1657,3587,54,2875,49
202410,2604304,Cedro,26,PERNAMBUCO,NE,NORDESTE,32584767.49,220967,2733885.9,4438,30222512.23,151761,3995447.87,18662,6545,146,6278,138
202303,2604304,Cedro,26,PERNAMBUCO,NE,NORDESTE,18699797.3,110985,2615906.97,1869,17842563.94,84402,2965677.19,8901,5145,103,5126,114
202110,2604304,Cedro,26,PERNAMBUCO,NE,NORDESTE,6426083.42,33184,329311.44,387,6372568.61,30035,508370.8,1329,2986,53,2950,60
202103,5002902,Cassilândia,50,MATO GROSSO DO SUL,CO,CENTRO-OESTE,8003012.6,15860,5248277.21,1909,8690201.11,15890,3115281.82,1885,3020,275,3356,312
202102,2111029,São João Do Carú,21,MARANHÃO,NE,NORDESTE,787866.16,1755,225288.23,87,848749.94,1758,63778.3,55,413,18,516,18
202407,1701903,Araguacema,17,TOCANTINS,NO,NORTE,21621299.92,119318,5405537.5,8646,20266755.29,80396,4767097.79,21329,3385,121,3324,111
202111,2604304,Cedro,26,PERNAMBUCO,NE,NORDESTE,7126473.57,35172,626923.89,560,6855481.6,30966,969439.92,1651,2966,55,3042,63
202205,2111029,São João Do Carú,21,MARANHÃO,NE,NORDESTE,9548175.81,45356,1457037.85,1023,9524792.83,34162,1268630.71,2498,2959,66,2944,65
202107,2601003,Angelim,26,PERNAMBUCO,NE,NORDESTE,3170670.1,10763,337656.51,246,3085774.29,11762,363313.55,226,1455,27,1584,26
202402,5002902,Cassilândia,50,MATO GROSSO DO SUL,CO,CENTRO-OESTE,64888432.73,278388,24444341.77,21879,68726172.8,170256,25969598.08,64698,12028,863,11879,873
202408,2102077,Bom Lugar,21,MARANHÃO,NE,NORDESTE,26350110.26,162622,2684460.17,4745,24068617.35,100319,4217314.71,14145,5003,83,4786,81
202208,2111029,São João Do Carú,21,MARANHÃO,NE,NORDESTE,12052863.18,59311,1702080.87,1399,11632169.0,45607,1560985.74,3344,3466,79,3411,74
202310,2102077,Bom Lugar,21,MARANHÃO,NE,NORDESTE,18217258.58,117171,1736308.41,1882,16222579.19,75232,1910706.06,7175,4262,72,4144,69
202305,2601003,Angelim,26,PERNAMBUCO,NE,NORDESTE,11127552.32,68912,1111774.18,1268,10447143.05,48246,1711095.78,3886,3530,58,3581,54
202411,4315305,Quaraí,43,RIO GRANDE DO SUL,SU,SUL,63932800.42,335054,29184770.64,20282,61924774.01,195804,18010886.41,57786,13222,886,12569,828
202301,2514453,São José Dos Ramos,25,PARAÍBA,NE,NORDESTE,3820070.79,25837,565200.93,556,3874523.39,19521,239255.0,2212,1547,30,1613,30
202412,5106653,Pontal Do Araguaia,51,MATO GROSSO,CO,CENTRO-OESTE,33623948.54,133482,16186916.03,13099,35128112.2,88278,10796987.07,23452,3845,307,3909,272
202111,4308805,General Câmara,43,RIO GRANDE DO SUL,SU,SUL,5100382.15,22696,1464238.67,1353,4848788.71,17165,1457666.84,3192,2357,132,2157,133
202209,2514453,São José Dos Ramos,25,PARAÍBA,NE,NORDESTE,3543077.01,21796,758985.62,696,3830725.91,17594,227472.22,1549,1309,31,1439,24
202203,2604304,Cedro,26,PERNAMBUCO,NE,NORDESTE,9489769.99,50438,899774.92,860,8880278.95,41655,1121837.95,2521,3586,80,3591,75
202307,2604304,Cedro,26,PERNAMBUCO,NE,NORDESTE,22533285.29,139417,1731120.2,1883,19717155.25,100044,1853762.15,9946,5511,102,5424,108
202302,2102077,Bom Lugar,21,MARANHÃO,NE,NORDESTE,11679808.5,64205,908177.84,1045,10146297.82,46808,1103053.79,3892,3574,58,3527,60
202502,2100501,Alto Parnaíba,21,MARANHÃO,NE,NORDESTE,38659576.86,239714,11144136.36,13208,35304879.51,134863,13566413.25,45918,6208,288,6120,289
202411,4308805,General Câmara,43,RIO GRANDE DO SUL,SU,SUL,17442743.24,118909,5641565.07,5373,16449746.21,59111,5381137.01,16279,4210,244,3959,235
202301,2111029,São João Do Carú,21,MARANHÃO,NE,NORDESTE,12188847.89,75854,1416943.96,1413,12003959.83,55614,1677578.1,3684,4178,80,4059,86
202412,2604304,Cedro,26,PERNAMBUCO,NE,NORDESTE,38757182.01,249923,2992045.93,5262,35914811.15,169093,4239135.1,21924,6688,134,6464,138
202012,2604304,Cedro,26,PERNAMBUCO,NE,NORDESTE,686749.0,2104,28927.17,51,763650.49,2118,25044.85,40,459,8,503,12
202507,5002902,Cassilândia,50,MATO GROSSO DO SUL,CO,CENTRO-OESTE,103925421.59,452586,60283608.56,42350,106775149.89,255720,56870347.63,126547,13496,1123,13447,1072
202410,2601003,Angelim,26,PERNAMBUCO,NE,NORDESTE,19858183.58,141019,2242151.88,1496,18223938.22,92093,2708989.67,9391,4788,86,4718,72
202111,1701903,Araguacema,17,TOCANTINS,NO,NORTE,5316590.79,18663,1157928.6,895,5201141.76,16170,606215.1,1085,1693,66,1761,65
202112,1701903,Araguacema,17,TOCANTINS,NO,NORTE,5923612.25,23169,1196580.95,1112,5888088.69,19903,778988.43,1587,1782,68,1894,68
202212,2102077,Bom Lugar,21,MARANHÃO,NE,NORDESTE,13199918.05,67278,1198416.82,1221,12337885.8,50207,1077027.69,4274,3416,55,3395,57
202311,4306353,Dezesseis De Novembro,43,RIO GRANDE DO SUL,SU,SUL,2941279.25,14438,2577527.63,661,2661755.75,7434,2150482.61,1905,924,43,863,47
202312,2807204,Siriri,28,SERGIPE,NE,NORDESTE,14733698.75,124312,2489087.59,2668,13945178.85,76797,2516806.81,5310,3800,80,3818,64
202206,2604304,Cedro,26,PERNAMBUCO,NE,NORDESTE,13148178.9,69026,945339.01,1174,11867882.71,53962,1601025.92,3528,4069,76,4059,86
202508,2601003,Angelim,26,PERNAMBUCO,NE,NORDESTE,24967722.37,177339,2331317.2,2590,21993039.15,110317,3811898.97,14518,5151,97,5071,80
202108,5002902,Cassilândia,50,MATO GROSSO DO SUL,CO,CENTRO-OESTE,18979301.09,45575,9871036.18,4313,19989433.86,41198,6811546.21,7155,5985,421,5849,507
202108,2604304,Cedro,26,PERNAMBUCO,NE,NORDESTE,5811309.3,27092,490881.66,353,5852803.09,27589,668928.55,943,2678,46,2694,53
202112,3204500,Santa Leopoldina,32,ESPÍRITO SANTO,SE,SUDESTE,6774842.0,22715,3226820.67,1272,7001336.83,18957,2253318.58,3161,2446,135,2410,133
202506,4311627,Lindolfo Collor,43,RIO GRANDE DO SUL,SU,SUL,15669952.33,105416,48996258.6,8245,14975704.23,54537,48182338.23,18215,3808,302,3641,287
202011,2601003,Angelim,26,PERNAMBUCO,NE,NORDESTE,115756.59,236,11091.0,9,98379.75,234,4690.0,3,102,2,120,2
202302,2604304,Cedro,26,PERNAMBUCO,NE,NORDESTE,16897544.11,97692,1740783.89,1663,16472121.91,75394,2213188.36,7528,4958,93,4917,99
202110,2100501,Alto Parnaíba,21,MARANHÃO,NE,NORDESTE,9362242.62,33275,2546824.44,1893,8537932.54,28687,2102475.77,4517,2732,123,2707,120
202302,5002902,Cassilândia,50,MATO GROSSO DO SUL,CO,CENTRO-OESTE,40094456.34,145918,15132258.86,12694,43231318.21,108371,13161205.1,32401,10148,697,10118,721
202503,2601003,Angelim,26,PERNAMBUCO,NE,NORDESTE,22148960.62,158916,2009868.98,1745,19781264.54,100880,3240484.84,11869,4937,80,4879,76
202406,2604304,Cedro,26,PERNAMBUCO,NE,NORDESTE,32139035.75,221506,3229921.95,3873,29838957.77,149708,3644541.99,16521,6396,126,6177,129
202311,5002902,Cassilândia,50,MATO GROSSO DO SUL,CO,CENTRO-OESTE,62728835.31,259086,26792673.44,21499,65505302.63,167810,24600173.61,60852,11645,849,11527,838
202310,2604304,Cedro,26,PERNAMBUCO,NE,NORDESTE,23161037.32,165325,2147245.28,2395,21849060.77,116782,2430158.89,8566,5728,113,5613,120
202503,2604304,Cedro,26,PERNAMBUCO,NE,NORDESTE,34355025.8,240767,3762746.95,7466,31284288.06,155111,5082490.3,28544,6722,152,6463,144
202309,2601003,Angelim,26,PERNAMBUCO,NE,NORDESTE,12612001.72,88474,1101586.57,1223,11666322.78,56139,1722313.23,4466,3837,64,3851,58
202507,2601003,Angelim,26,PERNAMBUCO,NE,NORDESTE,23895279.71,170862,3342909.22,2503,21602404.44,107467,3642265.35,13699,5104,96,5040,88
202110,1701903,Araguacema,17,TOCANTINS,NO,NORTE,5078859.95,18209,1206732.75,839,5737561.68,16087,551787.49,1058,1712,61,1711,59
202208,4308805,General Câmara,43,RIO GRANDE DO SUL,SU,SUL,8913439.68,40647,2739807.28,2027,7826300.62,29311,2400953.63,5565,3088,159,2907,164
202503,5002902,Cassilândia,50,MATO GROSSO DO SUL,CO,CENTRO-OESTE,87679137.47,417771,48945806.64,37025,96283245.79,233073,52251626.9,108161,13314,1093,13288,1044
202212,2111029,São João Do Carú,21,MARANHÃO,NE,NORDESTE,14097897.35,83901,1355967.28,1502,14441770.99,62661,1893832.93,4345,4101,74,4020,85
202405,2111029,São João Do Carú,21,MARANHÃO,NE,NORDESTE,27494479.3,214990,2229416.35,2727,26852548.46,135917,2466087.11,7044,6180,93,5862,93
202508,2604304,Cedro,26,PERNAMBUCO,NE,NORDESTE,38375145.05,260555,3946409.93,9081,36002461.13,168091,6150502.49,31509,6909,163,6602,158
202502,2111029,São João Do Carú,21,MARANHÃO,NE,NORDESTE,32905917.14,226638,3040920.33,3234,31726315.52,143796,3309877.63,12314,6786,112,6441,110
202402,3123304,Dores Do Turvo,31,MINAS GERAIS,SE,SUDESTE,8799231.88,36130,3107998.08,2266,7516126.91,21856,3320201.91,6722,1866,117,1772,111
202108,2100501,Alto Parnaíba,21,MARANHÃO,NE,NORDESTE,9140724.97,26684,2861706.55,1483,10224421.95,23523,2195639.94,3275,2420,114,2413,111
202011,2111029,São João Do Carú,21,MARANHÃO,NE,NORDESTE,147565.02,202,125503.5,12,109805.94,182,50600.0,3,85,3,91,3
202111,2601003,Angelim,26,PERNAMBUCO,NE,NORDESTE,3820354.14,17275,354449.71,353,3895596.9,16094,419387.11,399,1755,31,1900,27
202101,3507803,Brodowski,35,SÃO PAULO,SE,SUDESTE,7387290.92,14183,8046487.33,1948,8414921.59,13893,8789749.6,2037,3236,369,3492,399
202204,2604304,Cedro,26,PERNAMBUCO,NE,NORDESTE,10425129.5,55067,1477230.36,860,9686593.08,43807,1178286.22,2813,3774,75,3769,78
202112,2100501,Alto Parnaíba,21,MARANHÃO,NE,NORDESTE,12354322.76,45204,2827794.66,2494,11488955.97,37467,2996998.96,7279,2835,137,3053,128
202102,2100501,Alto Parnaíba,21,MARANHÃO,NE,NORDESTE,2135918.75,4770,549700.53,276,1934454.17,4307,412430.43,285,824,52,974,59
202411,2604304,Cedro,26,PERNAMBUCO,NE,NORDESTE,33572486.93,227081,2683963.07,4956,31953202.1,156003,3857957.94,18212,6602,145,6354,140
202310,5002902,Cassilândia,50,MATO GROSSO DO SUL,CO,CENTRO-OESTE,62728813.31,248398,22559656.5,20884,62481700.04,161872,22438618.53,59158,11491,820,11442,836
202202,1701903,Araguacema,17,TOCANTINS,NO,NORTE,7496909.23,22816,1167518.63,1042,7811515.23,19039,680290.89,1720,1929,68,1968,64
202407,5002902,Cassilândia,50,MATO GROSSO DO SUL,CO,CENTRO-OESTE,78389825.81,351082,34194862.99,30942,80342345.15,209274,34845550.4,93374,12724,942,12626,955
202308,2601003,Angelim,26,PERNAMBUCO,NE,NORDESTE,13918943.64,93807,1470418.86,1276,12923857.91,57238,1692036.81,4619,3835,58,3821,58
202412,2100501,Alto Parnaíba,21,MARANHÃO,NE,NORDESTE,44840465.37,272390,13978052.24,13878,43237686.14,155702,13893864.02,51844,6224,276,6113,273
202101,2601003,Angelim,26,PERNAMBUCO,NE,NORDESTE,419720.54,1249,88920.46,52,539850.45,1388,55767.21,33,318,9,414,8
202403,2100501,Alto Parnaíba,21,MARANHÃO,NE,NORDESTE,32708784.47,234083,8012508.98,10292,29779369.87,131648,9001489.67,34564,5692,245,5649,236
202506,2604304,Cedro,26,PERNAMBUCO,NE,NORDESTE,38800840.57,259246,3605927.22,7604,35046836.57,171131,5740890.99,30416,6863,157,6584,158
202105,2100501,Alto Parnaíba,21,MARANHÃO,NE,NORDESTE,6605318.78,15376,1349236.11,764,6095265.16,14283,1211546.02,1215,1686,82,1822,85
202408,2601003,Angelim,26,PERNAMBUCO,NE,NORDESTE,19077243.78,136207,1617449.49,1398,17884867.55,88589,2352572.81,8815,4788,68,4705,62
202108,2601003,Angelim,26,PERNAMBUCO,NE,NORDESTE,2878247.0,12081,367773.21,240,3019530.39,12068,292264.94,242,1529,27,1677,23
202105,2807204,Siriri,28,SERGIPE,NE,NORDESTE,1633813.26,7264,210625.96,210,1544788.46,8022,337268.0,175,960,24,1115,20
202104,2807204,Siriri,28,SERGIPE,NE,NORDESTE,1212177.4,5268,173214.31,199,1252838.33,5431,347826.2,140,809,18,957,17
202304,2601003,Angelim,26,PERNAMBUCO,NE,NORDESTE,10226597.72,63686,1072805.18,1070,10170654.04,45882,1452014.11,3266,3447,53,3526,52
202311,2111029,São João Do Carú,21,MARANHÃO,NE,NORDESTE,19985522.64,154895,2401904.14,2015,19734164.75,99177,2497019.37,5645,5462,87,5216,97
202506,2601003,Angelim,26,PERNAMBUCO,NE,NORDESTE,22515391.03,161617,1991698.7,2312,20252304.1,103296,2451631.85,12764,5049,91,5017,84
202302,2111029,São João Do Carú,21,MARANHÃO,NE,NORDESTE,12538660.32,78880,1514440.9,1393,12553034.2,56651,1566347.45,3337,4319,83,4200,84
202203,2100501,Alto Parnaíba,21,MARANHÃO,NE,NORDESTE,14300059.44,51091,3598631.51,3151,12151078.59,41364,11174302.53,8135,3240,153,3372,141
202212,5002902,Cassilândia,50,MATO GROSSO DO SUL,CO,CENTRO-OESTE,48920546.45,163308,20331885.9,13672,47505536.56,125330,16558147.53,37773,9967,675,10090,720
202504,2807204,Siriri,28,SERGIPE,NE,NORDESTE,18436690.34,168188,2822790.3,3967,17116012.25,98190,2786995.64,12862,4421,86,4422,78
202105,5002902,Cassilândia,50,MATO GROSSO DO SUL,CO,CENTRO-OESTE,13100362.09,27667,6251833.4,2895,14619464.26,26572,4990223.01,3850,4540,346,4521,409
202410,2111029,São João Do Carú,21,MARANHÃO,NE,NORDESTE,32092314.85,218692,2503398.35,2522,29945461.47,141660,2958366.78,9650,6552,105,6191,97
202102,1701903,Araguacema,17,TOCANTINS,NO,NORTE,927417.25,3088,195728.06,170,1530855.91,3001,112058.05,85,587,27,729,27
202303,2111029,São João Do Carú,21,MARANHÃO,NE,NORDESTE,14840037.24,93520,1673527.44,1694,14358018.79,65235,1734480.99,3994,4477,84,4350,84
202011,5002902,Cassilândia,50,MATO GROSSO DO SUL,CO,CENTRO-OESTE,870025.67,1394,680916.84,120,958497.75,1687,819829.27,128,573,42,650,50
202109,2604304,Cedro,26,PERNAMBUCO,NE,NORDESTE,6043001.55,29542,620789.55,390,5791879.15,26700,1117817.14,1049,2794,52,2771,53
202011,2102077,Bom Lugar,21,MARANHÃO,NE,NORDESTE,77816.12,229,300.0,1,79105.17,232,400.0,2,96,1,86,2
202206,2102077,Bom Lugar,21,MARANHÃO,NE,NORDESTE,10217150.88,40616,734367.62,901,10413974.45,32408,731931.07,2559,2712,51,2713,49
202401,5002902,Cassilândia,50,MATO GROSSO DO SUL,CO,CENTRO-OESTE,66116659.24,276876,26813701.89,22965,66713979.64,167285,24964901.19,64854,11975,837,11816,858
202104,2604304,Cedro,26,PERNAMBUCO,NE,NORDESTE,2926634.29,9859,110330.63,182,3010887.1,9627,161703.53,209,1444,28,1638,38
202103,2604304,Cedro,26,PERNAMBUCO,NE,NORDESTE,2360178.47,6989,185902.72,151,2247268.69,6748,151371.72,121,1116,25,1282,25
202207,2102077,Bom Lugar,21,MARANHÃO,NE,NORDESTE,11445793.7,44612,706744.99,860,9882622.11,36441,971918.53,2917,2844,53,2841,51
202208,2604304,Cedro,26,PERNAMBUCO,NE,NORDESTE,13927517.78,76358,1290244.09,1590,13121903.19,59515,1619852.45,4446,4303,85,4306,95
202502,2604304,Cedro,26,PERNAMBUCO,NE,NORDESTE,31880131.17,211979,3404176.99,5117,29672760.64,137611,4919688.52,24099,6589,151,6338,148
202507,2102077,Bom Lugar,21,MARANHÃO,NE,NORDESTE,33153149.82,202205,3474386.3,6867,31111744.47,125195,5679772.4,25184,5584,100,5328,89
202310,2100501,Alto Parnaíba,21,MARANHÃO,NE,NORDESTE,33440017.44,187705,9737021.55,9048,29494366.9,110959,9685834.59,27160,5348,217,5355,226
202307,2601003,Angelim,26,PERNAMBUCO,NE,NORDESTE,12752725.9,83378,1156356.62,1132,11503399.53,53664,1654588.96,4206,3706,63,3757,56
202403,2514453,São José Dos Ramos,25,PARAÍBA,NE,NORDESTE,7804139.28,68010,908078.6,1234,7423996.3,42260,418073.54,4888,2236,41,2283,36
202505,4311627,Lindolfo Collor,43,RIO GRANDE DO SUL,SU,SUL,17046917.68,111503,60508595.1,8898,16319679.15,57031,60364971.16,19231,3819,305,3663,289
202411,5002902,Cassilândia,50,MATO GROSSO DO SUL,CO,CENTRO-OESTE,82025911.01,367085,43690143.15,32606,86149849.82,219149,46229319.46,100260,12993,992,12870,964
202203,5002902,Cassilândia,50,MATO GROSSO DO SUL,CO,CENTRO-OESTE,33585897.83,89840,17411066.03,8683,36870038.68,74202,17259431.73,17528,7746,558,7841,603
202305,5002902,Cassilândia,50,MATO GROSSO DO SUL,CO,CENTRO-OESTE,53667487.38,188919,19390773.14,17044,54409316.32,136321,18236530.97,42820,10773,769,10753,771
202105,2604304,Cedro,26,PERNAMBUCO,NE,NORDESTE,3988284.06,14916,804953.58,252,4111893.35,15398,421719.14,392,1874,32,2022,45
202507,1701903,Araguacema,17,TOCANTINS,NO,NORTE,24174087.95,148695,5753494.19,11115,26194574.93,95422,6138148.32,34699,3705,142,3657,134
202404,2601003,Angelim,26,PERNAMBUCO,NE,NORDESTE,16415337.64,117742,1392360.54,1569,14906186.35,75136,2276699.7,7378,4376,70,4380,67
202207,5002902,Cassilândia,50,MATO GROSSO DO SUL,CO,CENTRO-OESTE,41339464.16,123119,27735743.14,11237,40829028.38,100196,21886433.15,26455,8969,635,9037,659
